{
    "comments": {
        "lineComment": "//"
    },
    "brackets": [
        [
            "{",
            "}"
        ],
        [
            "[",
            "]"
        ],
        [
            "(",
            ")"
        ]
    ],
    "autoClosingPairs": [
        [
            "{",
            "}"
        ],
        [
            "[",
            "]"
        ],
        [
            "(",
            ")"
        ],
        [
            "\"",
            "\""
        ],
        [
            "'",
            "'"
        ],
        [
            "*",
            "*"
        ]
    ],
    "surroundingPairs": [
        [
            "{",
            "}"
        ],
        [
            "[",
            "]"
        ],
        [
            "(",
            ")"
        ],
        [
            "\"",
            "\""
        ],
        [
            "'",
            "'"
        ],
        [
            "*",
            "*"
        ]
    ]
}