{
    "$schema": "https://raw.githubusercontent.com/martinring/tmlanguage/master/tmlanguage.json",
    "name": "Z# Sharp",
    "patterns": [
        {
            "include": "#comments"
        },
        {
            "include": "#keywords"
        },
        {
            "include": "#strings"
        },
        {
            "include": "#numbers"
        },
        {
            "include": "#functions"
        },
        {
            "include": "#variables"
        }
    ],
    "repository": {
        "comments": {
            "patterns": [
                {
                    "name": "comment.line.zsharp",
                    "match": "//.*?$"
                }
            ]
        },
        "keywords": {
            "patterns": [
                {
                    "name": "keyword.control.zsharp",
                    "match": "\\b(include|get|loop|check|ret|func)\\b"
                },
                {
                    "name": "keyword.operator.zsharp",
                    "match": "(\\+|\\-|\\*|/|=)"
                }
            ]
        },
        "strings": {
            "patterns": [
                {
                    "name": "string.quoted.zsharp",
                    "begin": "\\*",
                    "end": "\\*",
                    "patterns": [
                        {
                            "name": "constant.character.escape.zsharp",
                            "match": "\\\\."
                        }
                    ]
                }
            ]
        },
        "numbers": {
            "patterns": [
                {
                    "name": "constant.numeric.zsharp",
                    "match": "\\b([0-9]+(\\.[0-9]+)?)\\b"
                }
            ]
        },
        "functions": {
            "patterns": [
                {
                    "name": "entity.name.function.zsharp",
                    "match": "\\b([a-zA-Z_][a-zA-Z0-9_]*)(?=\\()"
                }
            ]
        },
        "variables": {
            "patterns": [
                {
                    "name": "variable.other.zsharp",
                    "match": "\\b([a-zA-Z_][a-zA-Z0-9_]*)\\b"
                }
            ]
        }
    },
    "scopeName": "source.zsharp"
}